ingredient,total_interactions,products_count,top_interaction_types
quetiapine,55224,78,"risk or severity of adverse effects, QTc-prolonging activities, serum concentration"
olanzapine,31722,51,"risk or severity of adverse effects, antihypertensive activities, vasoconstricting activities"
deferasirox,29274,41,"serum concentration, risk or severity of adverse effects, absorption"
aripiprazole,25935,35,"serum concentration, risk or severity of adverse effects, hypotensive activities"
diclofenac,25041,51,"risk or severity of adverse effects, metabolism, serum concentration"
risperidone,23596,34,"risk or severity of adverse effects, hypotensive activities, metabolism"
escitalopram,23456,32,"risk or severity of adverse effects, QTc-prolonging activities, metabolism"
clarithromycin,19936,28,"metabolism, serum concentration, QTc-prolonging activities"
sildenafil,19075,25,"metabolism, serum concentration, antihypertensive activities"
atomoxetine,17425,25,"metabolism, serum concentration, QTc-prolonging activities"
levetiracetam,16720,44,"risk or severity of adverse effects, therapeutic efficacy, risk or severity of hypotension"
fluconazole,14938,22,"metabolism, serum concentration, QTc-prolonging activities"
atorvastatin,14592,38,"risk or severity of adverse effects, serum concentration, metabolism"
pramipexole,14508,36,"sedative activities, risk or severity of adverse effects, therapeutic efficacy"
imatinib,14306,23,"metabolism, serum concentration, risk or severity of adverse effects"
lidocaine,13728,24,"metabolism, risk or severity of adverse effects, serum concentration"
duloxetine,13320,18,"risk or severity of adverse effects, metabolism, orthostatic hypotensive activities"
ibuprofen,12720,30,"risk or severity of adverse effects, metabolism, therapeutic efficacy"
metoprolol,12495,17,"serum concentration, metabolism, hypotensive activities"
tadalafil,11400,40,"antihypertensive activities, serum concentration, hypotensive activities"
nimesulide,11362,23,"risk or severity of adverse effects, therapeutic efficacy, risk or severity of hypotension"
pantoprazole,11286,38,"metabolism, serum concentration, therapeutic efficacy"
pregabalin,11040,32,"therapeutic efficacy, risk or severity of heart failure, central nervous system depressant (CNS depressant) activities"
ondansetron,10899,21,"risk or severity of adverse effects, QTc-prolonging activities, metabolism"
dasatinib,10656,16,"serum concentration, anticoagulant activities, absorption"
mannitol,10074,46,"risk or severity of adverse effects, hypotensive activities, nephrotoxic activities"
amlodipine,10005,23,"hypotensive activities, risk or severity of adverse effects, metabolism"
ciprofloxacin,9834,22,"QTc-prolonging activities, neuroexcitatory activities, risk or severity of adverse effects"
venlafaxine,9700,10,"metabolism, risk or severity of adverse effects, serum concentration"
paliperidone,9280,16,"risk or severity of adverse effects, QTc-prolonging activities, antihypertensive activities"
carvedilol,8946,14,"antihypertensive activities, hypotensive activities, serum concentration"
theophylline,8576,16,"metabolism, serum concentration, antihypertensive activities"
levofloxacin,8220,20,"QTc-prolonging activities, neuroexcitatory activities, risk or severity of adverse effects"
fusidic acid,8070,15,"serum concentration, excretion rate of higher serum level, risk or severity of adverse effects"
naproxen,7904,19,"risk or severity of adverse effects, metabolism, therapeutic efficacy"
rosuvastatin,7832,22,"serum concentration, metabolism, risk or severity of rhabdomyolysis"
azithromycin,7820,20,"metabolism, QTc-prolonging activities, serum concentration"
tacrolimus,7776,18,"metabolism, immunosuppressive activities, serum concentration"
voriconazole,7600,10,"metabolism, serum concentration, QTc-prolonging activities"
terbinafine,7543,19,"metabolism, serum concentration, therapeutic efficacy"
donepezil,7536,24,"metabolism, risk or severity of adverse effects, bradycardic activities"
bosentan,7010,10,"serum concentration, hypotensive activities, metabolism"
dexamethasone,7002,18,"risk or severity of adverse effects, serum concentration, metabolism"
gabapentin,7002,18,"risk or severity of adverse effects, therapeutic efficacy, risk or severity of hypotension"
sertraline,6993,9,"metabolism, risk or severity of adverse effects, serum concentration"
methylprednisolone,6859,19,"risk or severity of adverse effects, serum concentration, therapeutic efficacy"
mirtazapine,6851,13,"central nervous system depressant (CNS depressant) activities, metabolism, risk or severity of adverse effects"
etodolac,6749,17,"risk or severity of adverse effects, metabolism, therapeutic efficacy"
olopatadine,6700,10,"risk or severity of adverse effects, metabolism, therapeutic efficacy"
paroxetine,6690,10,"metabolism, risk or severity of adverse effects, antiplatelet activities"
mesalazine,6645,15,"risk or severity of adverse effects, therapeutic efficacy, antihypertensive activities"
naftifine,6477,17,"risk or severity of adverse effects, therapeutic efficacy, antihypertensive activities"
dexketoprofen,6293,29,"risk or severity of adverse effects, thrombogenic activities, antiplatelet activities"
memantine,6188,34,"risk or severity of adverse effects, therapeutic efficacy, bradycardic activities"
mometasone,6096,24,"risk or severity of adverse effects, serum concentration, hypokalemic activities"
paclitaxel,5709,11,"risk or severity of adverse effects, metabolism, serum concentration"
haloperidol,5696,8,"risk or severity of adverse effects, metabolism, QTc-prolonging activities"
riociguat,5655,15,"hypotensive activities, serum concentration, risk or severity of adverse effects"
carbamazepine,5586,6,"metabolism, serum concentration, risk or severity of adverse effects"
moxifloxacin,5565,15,"QTc-prolonging activities, neuroexcitatory activities, risk or severity of adverse effects"
ranolazine,5404,7,"serum concentration, metabolism, QTc-prolonging activities"
selexipag,5400,18,"hypotensive activities, metabolism, anticoagulant activities"
abiraterone,5260,10,"serum concentration, metabolism, cardiotoxic activities"
palbociclib,5130,9,"serum concentration, risk or severity of adverse effects, metabolism"
diltiazem,5106,6,"metabolism, serum concentration, hypotensive activities"
desloratadine,5096,13,"risk or severity of adverse effects, serum concentration, therapeutic efficacy"
rivaroxaban,5049,17,"anticoagulant activities, serum concentration, metabolism"
fluticasone,5020,20,"risk or severity of adverse effects, serum concentration, hypokalemic activities"
apixaban,4914,14,"serum concentration, anticoagulant activities, metabolism"
irbesartan,4914,9,"metabolism, risk or severity of adverse effects, hypotensive activities"
pioglitazone,4875,13,"metabolism, therapeutic efficacy, hypoglycemic activities"
furosemide,4873,11,"risk or severity of adverse effects, therapeutic efficacy, hypokalemic activities"
guanfacine,4808,8,"risk or severity of adverse effects, hypotensive activities, metabolism"
leflunomide,4784,8,"risk or severity of adverse effects, metabolism, therapeutic efficacy"
azelastine,4746,6,"central nervous system depressant (CNS depressant) activities, risk or severity of adverse effects, metabolism"
sunitinib,4704,16,"hypoglycemic activities, metabolism, QTc-prolonging activities"
gliclazide,4605,15,"hypoglycemic activities, therapeutic efficacy, metabolism"
meloxicam,4540,10,"risk or severity of adverse effects, metabolism, therapeutic efficacy"
indapamide,4529,7,"hypotensive activities, therapeutic efficacy, risk or severity of adverse effects"
mycophenolic acid,4510,11,"risk or severity of adverse effects, serum concentration, therapeutic efficacy"
diazepam,4420,10,"risk or severity of adverse effects, metabolism, serum concentration"
cetirizine,4365,15,"risk or severity of adverse effects, central nervous system depressant (CNS depressant) activities, sedative activities"
tramadol,4360,8,"risk or severity of adverse effects, serum concentration, therapeutic efficacy"
tenofovir disoproxil,4336,16,"metabolism, risk or severity of adverse effects, serum concentration"
cinacalcet,4326,14,"metabolism, serum concentration, serum concentration of active metabolites"
rasagiline,4275,9,"risk or severity of adverse effects, hypotensive activities, hypertensive activities"
itraconazole,4188,6,"metabolism, serum concentration, therapeutic efficacy"
pomalidomide,4168,8,"risk or severity of adverse effects, metabolism, serum concentration"
betamethasone,4069,13,"risk or severity of adverse effects, serum concentration, therapeutic efficacy"
posaconazole,4068,6,"metabolism, serum concentration, therapeutic efficacy"
ketoconazole,4035,5,"metabolism, serum concentration, therapeutic efficacy"
methotrexate,4032,24,"serum concentration, risk or severity of adverse effects, therapeutic efficacy"
methylphenidate,4030,13,"antihypertensive activities, risk or severity of adverse effects, metabolism"
valproic acid,4018,7,"risk or severity of adverse effects, metabolism, serum concentration"
citalopram,3995,5,"metabolism, risk or severity of adverse effects, serum concentration"
lamotrigine,3987,9,"risk or severity of adverse effects, therapeutic efficacy, serum concentration"
nicotine,3978,13,"metabolism, risk or severity of adverse effects, serum concentration"
brimonidine,3976,8,"central nervous system depressant (CNS depressant) activities, antihypertensive activities, risk or severity of adverse effects"
bisoprolol,3976,7,"hypotensive activities, metabolism, antihypertensive activities"
fluoxetine,3970,5,"metabolism, risk or severity of adverse effects, serum concentration"
flurbiprofen,3960,10,"risk or severity of adverse effects, metabolism, therapeutic efficacy"
pinaverium,3960,30,"risk or severity of hypotension, therapeutic efficacy, metabolism"
etofenamate,3828,12,"risk or severity of adverse effects, therapeutic efficacy, antihypertensive activities"
solifenacin,3822,13,"metabolism, risk or severity of adverse effects, QTc-prolonging activities"
acetylsalicylic acid,3789,9,"risk or severity of adverse effects, metabolism, therapeutic efficacy"
losartan,3780,6,"metabolism, risk or severity of adverse effects, hypotensive activities"
dapagliflozin,3770,10,"risk or severity of adverse effects, metabolism, hypoglycemic activities"
clobetasol,3765,15,"risk or severity of adverse effects, serum concentration, hypokalemic activities"
phenytoin,3756,4,"metabolism, serum concentration, risk or severity of adverse effects"
ziprasidone,3688,4,"metabolism, risk or severity of adverse effects, QTc-prolonging activities"
nebivolol,3661,7,"hypotensive activities, antihypertensive activities, serum concentration"
melatonin,3650,10,"risk or severity of adverse effects, metabolism, central nervous system depressant (CNS depressant) activities"
morphine,3648,6,"risk or severity of adverse effects, metabolism, serum concentration"
doxorubicin,3591,7,"serum concentration, metabolism, risk or severity of adverse effects"
clopidogrel,3531,11,"metabolism, serum concentration, therapeutic efficacy"
verapamil,3524,4,"metabolism, serum concentration, risk or severity of adverse effects"
benzydamine,3509,11,"risk or severity of adverse effects, therapeutic efficacy, antihypertensive activities"
fentanyl,3408,6,"risk or severity of adverse effects, serum concentration, bradycardic activities"
omeprazole,3368,8,"metabolism, serum concentration, risk or severity of adverse effects"
budesonide,3355,11,"risk or severity of adverse effects, serum concentration, hypokalemic activities"
esomeprazole,3324,12,"metabolism, serum concentration, therapeutic efficacy"
tamsulosin,3240,8,"risk or severity of adverse effects, vasoconstricting activities, serum concentration"
metformin,3232,16,"therapeutic efficacy, hypoglycemic activities, serum concentration"
ketoprofen,3176,8,"risk or severity of adverse effects, metabolism, therapeutic efficacy"
triamcinolone,3144,8,"risk or severity of adverse effects, metabolism, serum concentration"
bupivacaine,3144,6,"risk or severity of adverse effects, metabolism, serum concentration"
doxazosin,3066,7,"hypotensive activities, metabolism, vasoconstricting activities"
teriflunomide,3025,5,"serum concentration, risk or severity of adverse effects, metabolism"
eltrombopag,3006,18,"serum concentration, metabolism"
valsartan,2988,6,"metabolism, risk or severity of adverse effects, hypotensive activities"
metronidazole,2954,14,"metabolism, QTc-prolonging activities, serum concentration"
hydrocortisone,2944,8,"risk or severity of adverse effects, serum concentration, metabolism"
ticagrelor,2880,8,"metabolism, serum concentration, anticoagulant activities"
warfarin,2875,5,"anticoagulant activities, metabolism, serum concentration"
brexpiprazole,2870,5,"risk or severity of adverse effects, serum concentration, vasoconstricting activities"
piroxicam,2835,7,"risk or severity of adverse effects, metabolism, therapeutic efficacy"
lansoprazole,2834,13,"metabolism, serum concentration, risk or severity of adverse effects"
magnesium sulfate,2802,6,"therapeutic efficacy, serum concentration, risk or severity of hypotension and neuromuscular blockade"
tolvaptan,2800,8,"serum concentration, hyperkalemic activities, risk or severity of adverse effects"
montelukast,2783,23,"metabolism, serum concentration, therapeutic efficacy"
tenoxicam,2772,7,"risk or severity of adverse effects, metabolism, therapeutic efficacy"
celecoxib,2732,4,"metabolism, risk or severity of adverse effects, serum concentration"
pazopanib,2724,6,"serum concentration, QTc-prolonging activities, metabolism"
granisetron,2690,10,"QTc-prolonging activities, metabolism, serotonergic activities"
fexofenadine,2680,8,"risk or severity of adverse effects, serum concentration, central nervous system depressant (CNS depressant) activities"
salbutamol,2652,13,"QTc-prolonging activities, risk or severity of adverse effects, vasoconstricting activities"
empagliflozin,2608,8,"risk or severity of adverse effects, hypoglycemic activities, therapeutic efficacy"
sodium phosphate,2590,14,"nephrotoxic activities, absorption, risk or severity of adverse effects"
metoclopramide,2590,7,"risk or severity of adverse effects, QTc-prolonging activities, therapeutic efficacy"
docetaxel,2541,7,"risk or severity of adverse effects, metabolism, serum concentration"
rabeprazole,2466,9,"metabolism, serum concentration, risk or severity of adverse effects"
pirfenidone,2450,7,"risk or severity of adverse effects, therapeutic efficacy, antihypertensive activities"
glimepiride,2392,8,"hypoglycemic activities, therapeutic efficacy, metabolism"
ramipril,2364,6,"risk or severity of adverse effects, hypotensive activities, serum concentration"
lisinopril,2364,6,"risk or severity of adverse effects, hypotensive activities, serum concentration"
zuclopenthixol,2364,4,"risk or severity of adverse effects, QTc-prolonging activities, serum concentration"
trazodone,2360,4,"risk or severity of adverse effects, metabolism, vasoconstricting activities"
bupropion,2352,6,"metabolism, serum concentration, risk or severity of adverse effects"
topiramate,2340,5,"risk or severity of adverse effects, metabolism, serum concentration"
clomipramine,2247,3,"risk or severity of adverse effects, metabolism, serum concentration"
tolterodine,2247,7,"metabolism, risk or severity of adverse effects, serum concentration"
epinephrine,2226,7,"antihypertensive activities, vasoconstricting activities, risk or severity of hypotension"
ibrutinib,2220,6,"serum concentration, risk or severity of adverse effects, metabolism"
gentamicin,2220,12,"excretion rate of higher serum level, serum concentration, nephrotoxic activities"
fingolimod,2198,7,"immunosuppressive activities, metabolism, bradycardic activities"
calcitriol,2196,12,"metabolism, therapeutic efficacy, serum concentration"
progesterone,2135,7,"metabolism, serum concentration, absorption"
ropinirole,2100,3,"sedative activities, metabolism, risk or severity of adverse effects"
paricalcitol,2091,17,"serum concentration, metabolism, risk or severity of adverse effects"
xylometazoline,2088,9,"hypotensive activities, vasoconstricting activities, atrioventricular blocking (AV block) activities"
amiodarone,2068,2,"metabolism, serum concentration, therapeutic efficacy"
betahistine,2054,13,"therapeutic efficacy, serum concentration, sedative activities"
tobramycin,2035,11,"excretion rate of higher serum level, serum concentration, nephrotoxic activities"
remifentanil,2020,4,"risk or severity of adverse effects, bradycardic activities, central nervous system depressant (CNS depressant) activities"
acemetacin,1995,5,"risk or severity of adverse effects, therapeutic efficacy, risk or severity of bleeding"
macitentan,1992,8,"hypotensive activities, serum concentration, metabolism"
phenobarbital,1966,2,"metabolism, serum concentration, risk or severity of adverse effects"
erlotinib,1881,9,"serum concentration, metabolism, risk or severity of adverse effects"
fluorouracil,1876,7,"metabolism, serum concentration, risk or severity of adverse effects"
vortioxetine,1860,4,"risk or severity of adverse effects, metabolism, serum concentration"
tamoxifen,1820,5,"metabolism, serum concentration, QTc-prolonging activities"
linagliptin,1816,8,"serum concentration, therapeutic efficacy, risk or severity of adverse effects"
alprazolam,1792,4,"risk or severity of adverse effects, serum concentration, metabolism"
lurasidone,1776,4,"risk or severity of adverse effects, serum concentration, therapeutic efficacy"
midazolam,1740,4,"risk or severity of adverse effects, serum concentration, metabolism"
iloprost,1735,5,"risk or severity of adverse effects, therapeutic efficacy, hypotensive activities"
cyclobenzaprine,1732,4,"risk or severity of adverse effects, metabolism, serum concentration"
clozapine,1716,2,"risk or severity of adverse effects, metabolism, serum concentration"
oxymetazoline,1705,11,"vasoconstricting activities, atrioventricular blocking (AV block) activities, risk or severity of adverse effects"
digoxin,1677,3,"serum concentration, cardiotoxic activities, bradycardic activities"
lercanidipine,1672,4,"hypotensive activities, risk or severity of adverse effects, serum concentration"
pitavastatin,1655,5,"serum concentration, metabolism, risk or severity of rhabdomyolysis"
magnesium oxide,1652,7,"absorption, bioavailability, serum concentration"
rifampicin,1638,2,"metabolism, serum concentration, risk or severity of hypotension"
apomorphine,1615,5,"risk or severity of adverse effects, QTc-prolonging activities, therapeutic efficacy"
apremilast,1608,4,"risk or severity of adverse effects, metabolism, serum concentration"
trifluoperazine,1599,3,"risk or severity of adverse effects, antihypertensive activities, vasoconstricting activities"
chlorpromazine,1584,2,"risk or severity of adverse effects, metabolism, QTc-prolonging activities"
bortezomib,1574,2,"metabolism, serum concentration, risk or severity of adverse effects"
everolimus,1565,5,"serum concentration, therapeutic efficacy, risk or severity of adverse effects"
isosorbide mononitrate,1560,6,"risk or severity of adverse effects, metabolism, serum concentration"
sitagliptin,1555,5,"hypoglycemic activities, serum concentration, therapeutic efficacy"
propiverine,1544,4,"risk or severity of adverse effects, vasoconstricting activities, metabolism"
spironolactone,1536,4,"risk or severity of adverse effects, antihypertensive activities, vasoconstricting activities"
fesoterodine,1524,4,"serum concentration of active metabolites, risk or severity of adverse effects, serum concentration"
clotrimazole,1516,2,"metabolism, serum concentration, therapeutic efficacy"
clindamycin,1512,12,"metabolism, serum concentration, neuromuscular blocking activities"
prilocaine,1505,5,"risk or severity of adverse effects, central nervous system depressant (CNS depressant) activities, sedative activities"
estradiol,1492,4,"serum concentration, metabolism, thrombogenic activities"
nilotinib,1482,2,"metabolism, serum concentration, QTc-prolonging activities"
rifaximin,1472,4,"serum concentration, risk or severity of hypotension, metabolism"
oxycodone,1464,3,"risk or severity of adverse effects, metabolism, serum concentration"
prednisolone,1460,4,"risk or severity of adverse effects, serum concentration, therapeutic efficacy"
levocetirizine,1452,4,"risk or severity of adverse effects, metabolism, serum concentration"
darunavir,1442,2,"serum concentration, metabolism, therapeutic efficacy"
minoxidil,1434,6,"hypotensive activities, risk or severity of adverse effects, antihypertensive activities"
dabrafenib,1432,2,"serum concentration, QTc-prolonging activities, therapeutic efficacy"
captopril,1416,3,"risk or severity of adverse effects, hypotensive activities, serum concentration"
enalapril,1416,3,"risk or severity of adverse effects, hypotensive activities, serum concentration"
tetracycline,1400,7,"metabolism, serum concentration, therapeutic efficacy"
ketorolac,1388,4,"risk or severity of adverse effects, therapeutic efficacy, antihypertensive activities"
zoledronic acid,1386,11,"risk or severity of adverse effects, serum concentration, hypocalcemic activities"
dexmedetomidine,1386,3,"risk or severity of adverse effects, atrioventricular blocking (AV block) activities, central nervous system depressant (CNS depressant) activities"
hydroxyzine,1384,4,"central nervous system depressant (CNS depressant) activities, QTc-prolonging activities, sedative activities"
vildagliptin,1376,8,"therapeutic efficacy, serum concentration, hypoglycemic activities"
amitriptyline,1374,2,"risk or severity of adverse effects, metabolism, serum concentration"
cyclophosphamide,1365,3,"cardiotoxic activities, metabolism, serum concentration"
tretinoin,1360,4,"risk or severity of adverse effects, metabolism, serum concentration"
capecitabine,1350,6,"metabolism, serum concentration, risk or severity of adverse effects"
aprepitant,1348,2,"serum concentration, metabolism, risk or severity of adverse effects"
cefuroxime,1334,29,"serum concentration, absorption, nephrotoxic activities"
crizotinib,1326,2,"metabolism, serum concentration, QTc-prolonging activities"
doxycycline,1306,2,"metabolism, serum concentration, therapeutic efficacy"
amikacin,1295,7,"excretion rate of higher serum level, serum concentration, nephrotoxic activities"
icatibant,1288,4,"risk or severity of adverse effects, antihypertensive activities, therapeutic efficacy"
modafinil,1280,5,"metabolism, serum concentration, risk or severity of adverse effects"
cisplatin,1272,6,"risk or severity of adverse effects, serum concentration, thrombogenic activities"
fenofibrate,1265,11,"metabolism, serum concentration, hypoglycemic activities"
sulpiride,1254,3,"risk or severity of adverse effects, antipsychotic activities, anticholinergic activities"
sertindole,1248,3,"risk or severity of adverse effects, metabolism, serum concentration"
sorafenib,1233,3,"metabolism, serum concentration, QTc-prolonging activities"
cilazapril,1227,3,"risk or severity of adverse effects, hypotensive activities, serum concentration"
perindopril,1227,3,"risk or severity of adverse effects, hypotensive activities, serum concentration"
tofacitinib,1225,5,"immunosuppressive activities, serum concentration, metabolism"
propranolol,1212,2,"hypotensive activities, metabolism, antihypertensive activities"
ivermectin,1210,10,"metabolism, serum concentration, risk or severity of rhabdomyolysis"
alfuzosin,1209,3,"hypotensive activities, serum concentration, vasoconstricting activities"
osimertinib,1198,2,"serum concentration, cardiotoxic activities"
atropine,1197,9,"risk or severity of adverse effects, therapeutic efficacy, hypertensive activities"
benidipine,1194,6,"metabolism, risk or severity of hypotension, therapeutic efficacy"
lornoxicam,1188,3,"risk or severity of adverse effects, metabolism, therapeutic efficacy"
trandolapril,1182,3,"risk or severity of adverse effects, hypotensive activities, serum concentration"
methylergometrine,1179,3,"risk or severity of adverse effects, hypertensive and vasoconstricting activities, serum concentration"
olaparib,1144,2,"metabolism, serum concentration, risk or severity of adverse effects"
moclobemide,1140,2,"metabolism, risk or severity of adverse effects, hypotensive activities"
prednisone,1137,3,"risk or severity of adverse effects, serum concentration, therapeutic efficacy"
tizanidine,1124,2,"risk or severity of adverse effects, serum concentration, QTc-prolonging activities"
baclofen,1124,4,"risk or severity of adverse effects, central nervous system depressant (CNS depressant) activities, therapeutic efficacy"
flupentixol,1110,2,"risk or severity of adverse effects, QTc-prolonging activities, vasoconstricting activities"
lenalidomide,1110,30,"thrombogenic activities, serum concentration, risk or severity of adverse effects"
torasemide,1100,2,"hypotensive activities, risk or severity of adverse effects, therapeutic efficacy"
pseudoephedrine,1080,3,"sedative activities, metabolism, stimulatory activities"
clonazepam,1077,3,"risk or severity of adverse effects, metabolism, serum concentration"
pravastatin,1068,3,"serum concentration, metabolism, risk or severity of rhabdomyolysis"
lacosamide,1066,13,"atrioventricular blocking (AV block) activities, serum concentration, therapeutic efficacy"
testosterone,1056,4,"metabolism, serum concentration, fluid retaining activities"
felodipine,1056,2,"metabolism, hypotensive activities, risk or severity of adverse effects"
thiopental,1056,2,"risk or severity of adverse effects, hypotensive activities, metabolism"
anagrelide,1032,4,"QTc-prolonging activities, anticoagulant activities, risk or severity of QTc prolongation"
cabergoline,1022,2,"risk or severity of adverse effects, serum concentration, hypertensive and vasoconstricting activities"
famotidine,1008,7,"QTc-prolonging activities, metabolism, serum concentration"
ambrisentan,1004,4,"hypotensive activities, metabolism, serum concentration"
atenolol,1000,2,"hypotensive activities, antihypertensive activities, risk or severity of adverse effects"
propafenone,996,2,"serum concentration, QTc-prolonging activities, antihypertensive activities"
rivastigmine,965,5,"risk or severity of adverse effects, bradycardic activities, therapeutic efficacy"
primidone,955,1,"metabolism, serum concentration, risk or severity of adverse effects"
fluvoxamine,934,1,"metabolism, risk or severity of adverse effects, serum concentration"
netilmicin,925,5,"excretion rate of higher serum level, serum concentration, nephrotoxic activities"
palonosetron,925,5,"metabolism, serotonergic activities, serum concentration"
trimebutine,924,7,"risk or severity of hypotension, therapeutic efficacy, metabolism"
ceftriaxone,924,33,"nephrotoxic activities, risk or severity of adverse effects, anticoagulant activities"
latanoprost,916,4,"hypotensive activities, therapeutic efficacy, antihypertensive activities"
fluorometholone,900,3,"risk or severity of adverse effects, metabolism, serum concentration"
isoniazid,896,2,"metabolism, serum concentration, risk or severity of adverse effects"
fluticasone furoate,894,3,"risk or severity of adverse effects, metabolism, serum concentration"
dimenhydrinate,891,3,"risk or severity of adverse effects, central nervous system depressant (CNS depressant) activities, sedative activities"
rupatadine,890,5,"metabolism, serum concentration, sedative activities"
nifedipine,876,2,"risk or severity of adverse effects, metabolism, serum concentration"
maprotiline,876,2,"risk or severity of adverse effects, metabolism, QTc-prolonging activities"
zonisamide,868,2,"risk or severity of adverse effects, metabolism, therapeutic efficacy"
dabigatran etexilate,866,2,"serum concentration of active metabolites, anticoagulant activities, serum concentration"
desmopressin,858,6,"risk or severity of adverse effects, therapeutic efficacy"
vemurafenib,842,1,"serum concentration, risk or severity of QTc prolongation, QTc-prolonging activities"
cefdinir,840,40,"nephrotoxic activities, anticoagulant activities, serum concentration"
cariprazine,836,4,"metabolism, risk or severity of adverse effects, serum concentration"
butylscopolamine,833,7,"risk or severity of adverse effects, therapeutic efficacy, serum concentration"
silodosin,832,2,"serum concentration, vasoconstricting activities, antihypertensive activities"
epoprostenol,832,2,"hypotensive activities, risk or severity of adverse effects, therapeutic efficacy"
bosutinib,826,2,"serum concentration, cardiotoxic activities, excretion"
fosinopril,820,2,"risk or severity of adverse effects, hypotensive activities, serum concentration"
amoxicillin,814,11,"metabolism, serum concentration, therapeutic efficacy"
edoxaban,812,2,"serum concentration, anticoagulant activities, therapeutic efficacy"
darifenacin,810,2,"metabolism, risk or severity of adverse effects, serum concentration"
mirabegron,806,2,"metabolism, risk or severity of adverse effects, serum concentration"
nimodipine,798,2,"hypotensive activities, serum concentration, risk or severity of adverse effects"
nicardipine,796,1,"metabolism, hypotensive activities, serum concentration"
aceclofenac,792,2,"risk or severity of adverse effects, metabolism, therapeutic efficacy"
treprostinil,784,2,"hypotensive activities, risk or severity of adverse effects, QTc-prolonging activities"
imipramine,782,1,"risk or severity of adverse effects, metabolism, serum concentration"
albendazole,768,6,"metabolism, serum concentration, cardiotoxic activities"
calcium acetate,768,6,"therapeutic efficacy, absorption, serum concentration"
eplerenone,756,2,"risk or severity of adverse effects, antihypertensive activities, serum concentration"
prednicarbate,753,3,"risk or severity of adverse effects, serum concentration, hypokalemic activities"
loteprednol,753,3,"risk or severity of adverse effects, serum concentration, hypokalemic activities"
apalutamide,752,1,"serum concentration, metabolism"
permethrin,744,8,"metabolism, serum concentration"
afatinib,741,3,"serum concentration, cardiotoxic activities, excretion"
ipratropium bromide,741,3,"metabolism, risk or severity of adverse effects, serum concentration"
ceritinib,740,1,"serum concentration, QTc-prolonging activities, bradycardic activities"
aminophylline,738,3,"serum concentration, metabolism, therapeutic efficacy"
ofloxacin,732,2,"QTc-prolonging activities, neuroexcitatory activities, risk or severity of adverse effects"
vincristine,726,2,"excretion, serum concentration, metabolism"
rifabutin,703,1,"metabolism, serum concentration, risk or severity of hypotension"
adapalene,702,2,"risk or severity of adverse effects, therapeutic efficacy, antihypertensive activities"
caffeine,692,2,"metabolism, serum concentration, risk or severity of adverse effects"
acarbose,692,4,"therapeutic efficacy, hypoglycemic activities, serum concentration"
telmisartan,690,2,"risk or severity of adverse effects, hypotensive activities, serum concentration"
ciclopirox,690,10,"therapeutic efficacy, serum concentration, metabolism"
doxepin,688,1,"risk or severity of adverse effects, metabolism, serum concentration"
tiaprofenic acid,686,2,"risk or severity of adverse effects, therapeutic efficacy, antihypertensive activities"
nepafenac,684,2,"risk or severity of adverse effects, therapeutic efficacy, antihypertensive activities"
oxiconazole,684,6,"therapeutic efficacy, metabolism, serum concentration"
ixazomib,681,3,"metabolism, serum concentration, risk or severity of adverse effects"
folic acid,679,7,"therapeutic efficacy, serum concentration, metabolism"
vancomycin,672,6,"serum concentration, neuromuscular blocking activities, nephrotoxic activities"
etoposide,672,4,"serum concentration, metabolism, risk or severity of adverse effects"
linezolid,660,4,"risk or severity of adverse effects, serotonergic activities, hypertensive activities"
cabazitaxel,654,2,"risk or severity of adverse effects, serum concentration, metabolism"
bromocriptine,653,1,"risk or severity of adverse effects, serum concentration, hypertensive and vasoconstricting activities"
bicalutamide,650,5,"metabolism, serum concentration, risk or severity of adverse effects"
amisulpride,650,2,"risk or severity of adverse effects, antipsychotic activities, central nervous system depressant (CNS depressant) activities"
galantamine,650,2,"metabolism, risk or severity of adverse effects, QTc-prolonging activities"
erythromycin,649,1,"metabolism, serum concentration, QTc-prolonging activities"
sodium bicarbonate,648,4,"absorption, bioavailability, serum concentration"
betaxolol,646,1,"metabolism, hypotensive activities, antihypertensive activities"
ambroxol,642,6,"metabolism, serum concentration, risk or severity of adverse effects"
terazosin,640,2,"risk or severity of adverse effects, vasoconstricting activities, antihypertensive activities"
nateglinide,636,2,"metabolism, hypoglycemic activities, therapeutic efficacy"
enzalutamide,619,1,"serum concentration, metabolism, cardiotoxic activities"
cilostazol,618,2,"serum concentration, anticoagulant activities, metabolism"
colchicine,608,2,"serum concentration, myopathic rhabdomyolysis activities, risk or severity of adverse effects"
octreotide,608,4,"QTc-prolonging activities, bradycardic activities, therapeutic efficacy"
vardenafil,608,2,"antihypertensive activities, QTc-prolonging activities, serum concentration"
diphenhydramine,604,1,"metabolism, risk or severity of adverse effects, QTc-prolonging activities"
deflazacort,602,2,"risk or severity of adverse effects, metabolism, serum concentration"
ciclesonide,596,2,"risk or severity of adverse effects, metabolism, serum concentration"
irinotecan,596,4,"serum concentration, metabolism, risk or severity of adverse effects"
propofol,593,1,"risk or severity of adverse effects, metabolism, serum concentration"
mianserin,588,2,"metabolism, therapeutic efficacy, anticholinergic activities"
ifosfamide,582,3,"serum concentration, metabolism, risk or severity of adverse effects"
luliconazole,580,1,"serum concentration, risk or severity of adverse effects, risk or severity of QTc prolongation"
zidovudine,579,3,"metabolism, serum concentration, risk or severity of adverse effects"
norepinephrine,564,3,"vasoconstricting activities, risk or severity of adverse effects, hypertensive activities"
pethidine,562,1,"risk or severity of adverse effects, metabolism, serum concentration"
caspofungin,560,5,"therapeutic efficacy, serum concentration, risk or severity of adverse effects"
brigatinib,556,4,"serum concentration, metabolism"
domperidone,552,2,"QTc-prolonging activities, serum concentration, metabolism"
pentoxifylline,550,2,"hypotensive activities, antiplatelet activities, anticoagulant activities"
timolol,549,1,"hypotensive activities, antihypertensive activities, metabolism"
sotalol,537,1,"risk or severity of adverse effects, QTc-prolonging activities, antihypertensive activities"
ruxolitinib,536,4,"serum concentration, bradycardic activities, metabolism"
procaine,533,1,"risk or severity of adverse effects, hypotensive activities, hypertensive activities"
thalidomide,533,1,"central nervous system depressant (CNS depressant) activities, risk or severity of adverse effects, metabolism"
oxaliplatin,531,9,"metabolism, serum concentration, cardiotoxic activities"
carteolol,524,1,"hypotensive activities, antihypertensive activities, risk or severity of adverse effects"
isosorbide dinitrate,520,2,"risk or severity of adverse effects, metabolism, serum concentration"
axitinib,512,4,"metabolism, serum concentration, cardiotoxic activities"
cinnarizine,506,2,"metabolism, therapeutic efficacy, risk or severity of hypotension"
calcium carbonate,504,2,"absorption, therapeutic efficacy, bioavailability"
desonide,502,2,"risk or severity of adverse effects, serum concentration, hypokalemic activities"
clobetasone,502,2,"risk or severity of adverse effects, serum concentration, hypokalemic activities"
midostaurin,496,1,"metabolism, serum concentration, cardiotoxic activities"
sirolimus,492,2,"serum concentration, therapeutic efficacy, metabolism"
ulipristal,489,3,"serum concentration, therapeutic efficacy, metabolism"
estriol,486,3,"serum concentration, thrombogenic activities, anticoagulant activities"
letrozole,485,5,"metabolism, serum concentration, cardiotoxic activities"
pimecrolimus,481,1,"risk or severity of adverse effects, metabolism, therapeutic efficacy"
venetoclax,480,5,"metabolism, serum concentration, cardiotoxic activities"
buspirone,477,1,"risk or severity of adverse effects, metabolism, serum concentration"
neostigmine,471,3,"risk or severity of adverse effects, therapeutic efficacy, bradycardic activities"
flunarizine,469,1,"risk or severity of adverse effects, metabolism, therapeutic efficacy"
sumatriptan,462,3,"risk or severity of adverse effects, serum concentration, serotonergic activities"
oxybutynin,460,2,"risk or severity of adverse effects, serum concentration, metabolism"
loratadine,460,1,"risk or severity of adverse effects, metabolism, serum concentration"
bimatoprost,458,2,"hypotensive activities, therapeutic efficacy, antihypertensive activities"
travoprost,458,2,"hypotensive activities, therapeutic efficacy, antihypertensive activities"
potassium citrate,458,2,"anticoagulant activities, risk or severity of adverse effects, therapeutic efficacy"
ritonavir,450,1,"metabolism, serum concentration, QTc-prolonging activities"
lacidipine,450,1,"hypotensive activities, serum concentration, therapeutic efficacy"
etravirine,446,1,"metabolism, serum concentration, serum concentration of active metabolites"
alprostadil,441,3,"therapeutic efficacy, anticoagulant activities, risk or severity of adverse effects"
fluphenazine,440,1,"risk or severity of adverse effects, metabolism, serum concentration"
rilpivirine,436,1,"serum concentration, QTc-prolonging activities, risk or severity of adverse effects"
pasireotide,432,3,"QTc-prolonging activities, bradycardic activities, therapeutic efficacy"
esmolol,426,1,"risk or severity of adverse effects, antihypertensive activities, orthostatic hypotensive activities"
chlorzoxazone,412,1,"risk or severity of adverse effects, metabolism, serum concentration"
dapsone,408,2,"metabolism, risk or severity of adverse effects, serum concentration"
tioconazole,408,4,"therapeutic efficacy, serum concentration, risk or severity of adverse effects"
prasugrel,408,2,"metabolism, anticoagulant activities, serum concentration"
ketamine,407,1,"risk or severity of adverse effects, metabolism, serum concentration"
mefenamic acid,406,1,"risk or severity of adverse effects, metabolism, therapeutic efficacy"
diflunisal,405,1,"risk or severity of adverse effects, therapeutic efficacy, antihypertensive activities"
potassium chloride,402,6,"ulcerogenic activities, hyperkalemic activities, risk or severity of hyperkalemia"
zopiclone,396,1,"risk or severity of adverse effects, serum concentration, metabolism"
benazepril,394,1,"risk or severity of adverse effects, hypotensive activities, serum concentration"
diphenoxylate,393,1,"risk or severity of adverse effects, central nervous system depressant (CNS depressant) activities, analgesic activities"
idarubicin,393,3,"metabolism, serum concentration, risk or severity of adverse effects"
chlorphenamine,392,1,"risk or severity of adverse effects, metabolism, serum concentration"
carboplatin,390,10,"ototoxic activities, serum concentration, cardiotoxic activities"
goserelin,388,2,"QTc-prolonging activities, therapeutic efficacy, cardiotoxic activities"
ivabradine,388,2,"serum concentration, QTc-prolonging activities, bradycardic activities"
capsaicin,384,2,"risk or severity of adverse effects, serum concentration, thrombogenic activities"
vinorelbine,382,2,"metabolism, serum concentration, risk or severity of adverse effects"
cabozantinib,381,3,"metabolism, serum concentration, cardiotoxic activities"
saxagliptin,374,1,"serum concentration, hypoglycemic activities, therapeutic efficacy"
dienogest,374,2,"serum concentration, therapeutic efficacy, metabolism"
arsenic trioxide,374,1,"risk or severity of adverse effects, QTc-prolonging activities, risk or severity of QTc prolongation"
dipyridamole,373,1,"risk or severity of adverse effects, hypotensive activities, anticoagulant activities"
danazol,366,3,"fluid retaining activities, therapeutic efficacy, risk or severity of adverse effects"
gemfibrozil,362,1,"metabolism, serum concentration, risk or severity of adverse effects"
sulfasalazine,357,1,"risk or severity of adverse effects, antihypertensive activities, therapeutic efficacy"
papaverine,356,2,"risk or severity of adverse effects, hypotensive activities, QTc-prolonging activities"
micafungin,355,5,"therapeutic efficacy, serum concentration, metabolism"
isoconazole,355,5,"therapeutic efficacy, serum concentration, metabolism"
dopamine,352,2,"metabolism, risk or severity of adverse effects, serum concentration"
isoprenaline,348,2,"risk or severity of adverse effects, vasoconstricting activities, hypokalemic activities"
dobutamine,348,2,"risk or severity of adverse effects, vasoconstricting activities, hypokalemic activities"
amantadine,348,3,"QTc-prolonging activities, therapeutic efficacy, serum concentration"
norethisterone,348,2,"therapeutic efficacy, serum concentration, metabolism"
levosimendan,346,2,"risk or severity of adverse effects, hypotensive activities, orthostatic hypotensive activities"
butenafine,345,5,"therapeutic efficacy, serum concentration, metabolism"
amphotericin b,343,1,"risk or severity of adverse effects, therapeutic efficacy, hypokalemic activities"
imiquimod,342,3,"metabolism, serum concentration, cardiotoxic activities"
glipizide,340,1,"hypoglycemic activities, metabolism, therapeutic efficacy"
drospirenone,340,1,"hyperkalemic activities, risk or severity of adverse effects, therapeutic efficacy"
levonorgestrel,338,2,"therapeutic efficacy, serum concentration, metabolism"
bexarotene,336,2,"metabolism, serum concentration, risk or severity of adverse effects"
finasteride,336,4,"metabolism, serum concentration"
pilocarpine,326,2,"risk or severity of adverse effects, metabolism, serum concentration"
cefixime,323,17,"nephrotoxic activities, anticoagulant activities, therapeutic efficacy"
cefpodoxime,322,7,"serum concentration, absorption, nephrotoxic activities"
lapatinib,316,1,"metabolism, serum concentration, QTc-prolonging activities"
abemaciclib,309,3,"serum concentration, metabolism, risk or severity of adverse effects"
mepivacaine,307,1,"risk or severity of adverse effects, serum concentration, central nervous system depressant (CNS depressant) activities"
indacaterol,306,1,"hypokalemic activities, QTc-prolonging activities, metabolism"
frovatriptan,306,2,"risk or severity of adverse effects, metabolism, serum concentration"
doxylamine,303,1,"central nervous system depressant (CNS depressant) activities, anticholinergic activities, sedative activities"
cyproheptadine,303,1,"risk or severity of adverse effects, central nervous system depressant (CNS depressant) activities, therapeutic efficacy"
nintedanib,300,2,"serum concentration, risk or severity of adverse effects, cardiotoxic activities"
agomelatine,298,1,"risk or severity of adverse effects, central nervous system depressant (CNS depressant) activities, serum concentration"
sultamicillin,297,11,"serum concentration, therapeutic efficacy, anticoagulant activities"
pyridostigmine,292,2,"risk or severity of adverse effects, therapeutic efficacy, bradycardic activities"
lorazepam,291,1,"risk or severity of adverse effects, central nervous system depressant (CNS depressant) activities, therapeutic efficacy"
formoterol,291,1,"metabolism, QTc-prolonging activities, vasoconstricting activities"
busulfan,288,2,"serum concentration, metabolism, risk or severity of adverse effects"
fludrocortisone,284,1,"risk or severity of adverse effects, serum concentration, therapeutic efficacy"
vigabatrin,283,1,"risk or severity of adverse effects, central nervous system depressant (CNS depressant) activities, therapeutic efficacy"
sodium oxybate,281,1,"central nervous system depressant (CNS depressant) activities, risk or severity of adverse effects, sedative activities"
lanreotide,279,3,"bradycardic activities, therapeutic efficacy, hypoglycemic activities"
pramocaine,279,1,"risk or severity of adverse effects, central nervous system depressant (CNS depressant) activities, sedative activities"
epinastine,278,1,"metabolism, serum concentration, vasoconstricting activities"
eletriptan,277,1,"metabolism, risk or severity of adverse effects, serum concentration"
topotecan,277,1,"serum concentration, risk or severity of adverse effects, cardiotoxic activities"
tirofiban,276,4,"anticoagulant activities, risk or severity of adverse effects, antiplatelet activities"
biperiden,276,2,"risk or severity of adverse effects, serum concentration, therapeutic efficacy"
dorzolamide,274,1,"hypotensive activities, metabolism, serum concentration"
phenylephrine,270,2,"vasoconstricting activities, risk or severity of adverse effects, hypertensive activities"
loperamide,266,1,"metabolism, therapeutic efficacy, serum concentration"
tetryzoline,264,2,"vasoconstricting activities, risk or severity of adverse effects, hypertensive activities"
vismodegib,260,2,"metabolism, serum concentration, cardiotoxic activities"
ursodeoxycholic acid,253,11,"therapeutic efficacy, absorption, excretion rate of higher serum level"
dutasteride,252,3,"serum concentration, metabolism"
diflorasone,251,1,"risk or severity of adverse effects, serum concentration, hypokalemic activities"
alendronic acid,250,2,"risk or severity of adverse effects, serum concentration, hypocalcemic activities"
temozolomide,242,11,"risk or severity of adverse effects, cardiotoxic activities, serum concentration"
magnesium hydroxide,238,1,"absorption, serum concentration, bioavailability"
tropicamide,238,2,"risk or severity of adverse effects, therapeutic efficacy, serum concentration"
chloramphenicol,238,1,"metabolism, serum concentration, risk or severity of adverse effects"
nystatin,234,3,"therapeutic efficacy, serum concentration, risk or severity of rhabdomyolysis"
orlistat,225,3,"serum concentration, anticoagulant activities, absorption"
desogestrel,222,2,"therapeutic efficacy, serum concentration, anticoagulant activities"
exemestane,222,2,"metabolism, serum concentration, therapeutic efficacy"
sertaconazole,213,3,"therapeutic efficacy, serum concentration, metabolism"
isotretinoin,210,6,"therapeutic efficacy, risk or severity of adverse effects, hepatotoxic activities"
chenodeoxycholic acid,210,2,"metabolism, serum concentration, therapeutic efficacy"
cefazolin,209,19,"anticoagulant activities, protein binding, serum concentration"
cytarabine,208,2,"metabolism, serum concentration, risk or severity of adverse effects"
nitrofural,207,3,"metabolism, serum concentration"
spiramycin,206,2,"metabolism, serum concentration, risk or severity of rhabdomyolysis"
rilmenidine,206,1,"hypotensive activities, vasoconstricting activities, antihypertensive activities"
econazole,202,2,"therapeutic efficacy, serum concentration, risk or severity of adverse effects"
temsirolimus,200,1,"risk or severity of adverse effects, serum concentration, metabolism"
anastrozole,200,4,"risk or severity of adverse effects, serum concentration, therapeutic efficacy"
miconazole,199,1,"serum concentration, metabolism, therapeutic efficacy"
gefitinib,198,1,"serum concentration, metabolism, anticoagulant activities"
vinblastine,194,1,"metabolism, serum concentration, risk or severity of adverse effects"
clofarabine,194,1,"risk or severity of adverse effects, hypotensive activities, cardiotoxic activities"
trabectedin,190,1,"metabolism, serum concentration, myopathic rhabdomyolysis activities"
sucralfate,188,2,"absorption, serum concentration, anticoagulant activities"
streptomycin,186,1,"excretion rate of higher serum level, serum concentration, nephrotoxic activities"
gemcitabine,182,7,"serum concentration, risk or severity of adverse effects, cardiotoxic activities"
oxytetracycline,182,2,"therapeutic efficacy, absorption, neuromuscular blocking activities"
methoxsalen,180,2,"metabolism, serum concentration, photosensitizing activities"
tianeptine,180,1,"risk or severity of adverse effects, serum concentration, antihypertensive activities"
baricitinib,178,2,"metabolism, serum concentration"
thiotepa,177,1,"metabolism, serum concentration, risk or severity of adverse effects"
carbetocin,176,1,"risk or severity of adverse effects, hypotensive activities, orthostatic hypotensive activities"
safinamide,176,2,"metabolism, serum concentration, serotonergic activities"
maraviroc,176,2,"serum concentration, metabolism"
armodafinil,170,1,"metabolism, serum concentration"
hydrotalcite,170,1,"absorption, bioavailability, serum concentration"
etonogestrel,169,1,"therapeutic efficacy, serum concentration, metabolism"
regorafenib,166,1,"serum concentration, metabolism, bradycardic activities"
varenicline,166,2,"risk or severity of adverse effects, serum concentration"
daunorubicin,161,1,"metabolism, serum concentration, risk or severity of adverse effects"
ketotifen,156,13,"sedative activities, diagnostic agent, therapeutic efficacy"
rizatriptan,154,1,"risk or severity of adverse effects, metabolism, serum concentration"
terlipressin,154,1,"hypotensive activities, antihypertensive activities, QTc-prolonging activities"
lanthanum carbonate,153,3,serum concentration
bendamustine,152,4,"metabolism, serum concentration, cardiotoxic activities"
sevelamer,144,6,"absorption, serum concentration"
milrinone,140,2,"anticoagulant activities, antiplatelet activities, risk or severity of adverse effects"
amorolfine,140,2,"therapeutic efficacy, serum concentration, metabolism"
anidulafungin,138,2,"therapeutic efficacy, serum concentration, metabolism"
tolnaftate,138,2,"therapeutic efficacy, serum concentration, metabolism"
sodium chloride,135,135,risk or severity of adverse effects
tranexamic acid,135,5,thrombogenic activities
ribociclib,133,1,"serum concentration, risk or severity of QTc prolongation, cardiotoxic activities"
cefotaxime,133,7,"nephrotoxic activities, anticoagulant activities, therapeutic efficacy"
sugammadex,129,3,"anticoagulant activities, serum concentration, therapeutic efficacy"
disulfiram,125,1,"metabolism, serum concentration, risk or severity of convulsion"
trospium,124,1,"risk or severity of adverse effects, therapeutic efficacy, serum concentration"
estramustine,120,1,"metabolism, serum concentration, absorption"
pemetrexed,119,7,"risk or severity of adverse effects, cardiotoxic activities, immunosuppressive activities"
cyclopentolate,119,1,"risk or severity of adverse effects, therapeutic efficacy, serum concentration"
methenamine,117,3,"therapeutic efficacy, serum concentration, risk or severity of adverse effects"
oxymetholone,117,1,"fluid retaining activities, hypoglycemic activities, serum concentration"
mebendazole,115,1,"metabolism, serum concentration, cardiotoxic activities"
ezetimibe,114,3,"serum concentration, risk or severity of adverse effects"
ephedrine,113,1,"vasoconstricting activities, risk or severity of adverse effects, arrhythmogenic activities"
dinoprostone,110,1,"therapeutic efficacy, metabolism, serum concentration"
triptorelin,109,1,"QTc-prolonging activities, therapeutic efficacy, cardiotoxic activities"
miglustat,107,1,"therapeutic efficacy, hypoglycemic activities, risk or severity of heart failure"
pheniramine,104,8,"sedative activities, therapeutic efficacy, diagnostic agent"
brinzolamide,103,1,"serum concentration, metabolism, risk or severity of adverse effects"
reboxetine,103,1,"metabolism, serum concentration, serum concentration of active metabolites"
pyrantel,102,2,"neuromuscular blocking activities, respiratory depressant activities, arrhythmogenic activities"
cladribine,100,4,"serum concentration, risk or severity of adverse effects, cardiotoxic activities"
pyrazinamide,100,1,"metabolism, serum concentration, hepatotoxic activities"
mifamurtide,100,1,therapeutic efficacy
misoprostol,100,1,"therapeutic efficacy, risk or severity of adverse effects"
tazarotene,99,3,"metabolism, serum concentration"
ampicillin,99,3,"serum concentration, therapeutic efficacy, anticoagulant activities"
acetazolamide,98,1,"risk or severity of adverse effects, serum concentration, excretion rate of higher serum level"
flucloxacillin,96,3,"serum concentration, therapeutic efficacy, anticoagulant activities"
vinflunine,96,1,"metabolism, serum concentration, risk or severity of adverse effects"
bifonazole,96,1,"therapeutic efficacy, serum concentration, risk or severity of adverse effects"
sonidegib,93,1,"serum concentration, cardiotoxic activities, risk or severity of adverse effects"
fulvestrant,93,1,"metabolism, serum concentration, cardiotoxic activities"
dacarbazine,92,2,"metabolism, serum concentration, risk or severity of adverse effects"
azathioprine,90,2,"risk or severity of anemia and severe leukopenia, anticoagulant activities, risk or severity of adverse effects"
deferiprone,87,3,"serum concentration, absorption"
calcipotriol,86,2,"risk or severity of adverse effects, risk or severity of hyperkalemia, cardiotoxic activities"
cobimetinib,85,1,"serum concentration, cardiotoxic activities, risk or severity of adverse effects"
hydroxychloroquine,84,1,"serum concentration, metabolism, risk or severity of QTc prolongation"
lynestrenol,83,1,"therapeutic efficacy, serum concentration, anticoagulant activities"
latanoprostene bunod,82,1,therapeutic efficacy
lamivudine,80,5,"serum concentration, risk or severity of adverse effects, excretion rate of higher serum level"
ceftazidime,80,4,"nephrotoxic activities, anticoagulant activities, therapeutic efficacy"
cefaclor,76,4,"nephrotoxic activities, anticoagulant activities, therapeutic efficacy"
mitoxantrone,74,1,"serum concentration, risk or severity of adverse effects, cardiotoxic activities"
semaglutide,72,8,hypoglycemic activities
epirubicin,72,4,"risk or severity of adverse effects, cardiotoxic activities, immunosuppressive activities"
cangrelor,69,1,"anticoagulant activities, risk or severity of adverse effects, antiplatelet activities"
hexetidine,69,1,"therapeutic efficacy, serum concentration, metabolism"
azacitidine,68,4,"risk or severity of adverse effects, cardiotoxic activities, immunosuppressive activities"
allopurinol,68,1,"risk of hypersensitivity reaction to, absorption, serum concentration"
niclosamide,67,1,"metabolism, serum concentration"
entecavir,63,21,"risk or severity of adverse effects, hepatotoxic activities"
lincomycin,63,3,"neuromuscular blocking activities, therapeutic efficacy, absorption"
oxcarbazepine,63,1,"serum concentration, risk or severity of hyponatremia, therapeutic efficacy"
benzylpenicillin,62,2,"serum concentration, therapeutic efficacy, anticoagulant activities"
atosiban,60,2,risk or severity of adverse effects
cefepime,57,3,"nephrotoxic activities, anticoagulant activities, serum concentration"
acitretin,54,2,"therapeutic efficacy, risk or severity of adverse effects, teratogenic activities"
carbachol,53,1,risk or severity of adverse effects
dolutegravir,50,1,serum concentration
abacavir,49,1,"serum concentration, risk or severity of adverse effects, therapeutic efficacy"
naltrexone,48,1,"therapeutic efficacy, serum concentration, risk or severity of adverse effects"
carmustine,45,1,"metabolism, risk or severity of adverse effects, serum concentration"
nitrofurantoin,45,3,"serum concentration, risk or severity of adverse effects, hyperkalemic activities"
ebastine,45,3,"sedative activities, serum concentration, diagnostic agent"
ceftibuten,38,2,"nephrotoxic activities, anticoagulant activities, serum concentration"
cefprozil,38,2,"nephrotoxic activities, anticoagulant activities, serum concentration"
mitomycin,38,1,"serum concentration, risk or severity of adverse effects, cardiotoxic activities"
valganciclovir,36,3,"risk or severity of adverse effects, serum concentration, risk or severity of generalized seizure"
riluzole,35,1,"metabolism, serum concentration, therapeutic efficacy"
propylthiouracil,34,2,"serum concentration, anticoagulant activities, risk or severity of adverse effects"
bleomycin,34,2,"risk or severity of adverse effects, cardiotoxic activities, immunosuppressive activities"
decitabine,33,3,"cardiotoxic activities, risk or severity of adverse effects, risk or severity of myelosuppression"
raltegravir,33,1,"serum concentration, myopathic rhabdomyolysis activities"
clomifene,33,1,"serum concentration, risk or severity of adverse effects"
mercaptopurine,33,1,"anticoagulant activities, risk or severity of adverse effects, cardiotoxic activities"
carbocisteine,32,2,risk or severity of adverse effects
piracetam,28,7,risk or severity of adverse effects
tolperisone,27,1,"metabolism, serum concentration, therapeutic efficacy"
alectinib,25,1,"serum concentration, cardiotoxic activities, risk or severity of adverse effects"
zinc sulfate,25,25,serum concentration
sapropterin,24,2,"hypotensive activities, serum concentration, risk or severity of adverse effects"
bilastine,24,2,"sedative activities, diagnostic agent, therapeutic efficacy"
ganciclovir,24,2,"risk or severity of adverse effects, serum concentration, risk or severity of generalized seizure"
emedastine,24,2,"sedative activities, diagnostic agent, therapeutic efficacy"
dimetindene,24,2,"sedative activities, diagnostic agent, therapeutic efficacy"
adenosine,24,3,"therapeutic efficacy, risk or severity of adverse effects, atrioventricular blocking (AV block) activities"
dydrogesterone,23,1,therapeutic efficacy
iohexol,22,22,risk or severity of adverse effects
valaciclovir,20,4,"serum concentration, excretion rate of higher serum level, central nervous system depressant (CNS depressant) activities"
melphalan,20,1,"risk or severity of adverse effects, cardiotoxic activities, immunosuppressive activities"
fludarabine,19,1,"risk or severity of adverse effects, cardiotoxic activities, immunosuppressive activities"
niraparib,18,2,"cardiotoxic activities, risk or severity of adverse effects"
meropenem,18,6,"serum concentration, therapeutic efficacy"
tigecycline,18,3,"therapeutic efficacy, serum concentration, absorption"
carfilzomib,17,1,"serum concentration, cardiotoxic activities, risk or severity of adverse effects"
chlorambucil,17,1,"risk or severity of adverse effects, cardiotoxic activities, immunosuppressive activities"
trametinib,15,1,"cardiotoxic activities, serum concentration, risk or severity of adverse effects"
mebeverine,15,3,"therapeutic efficacy, serum concentration"
thiocolchicoside,14,14,therapeutic efficacy
flumazenil,14,2,sedative activities
dimethyl fumarate,12,2,"immunosuppressive activities, risk or severity of adverse effects"
oseltamivir,12,12,serum concentration of active metabolites
febuxostat,12,2,"serum concentration of active metabolites, serum concentration"
silver sulfadiazine,12,4,risk or severity of adverse effects
mupirocin,11,11,therapeutic efficacy
besifloxacin,11,1,"cardiotoxic activities, risk or severity of adverse effects, therapeutic efficacy"
cyanocobalamin,10,5,"therapeutic efficacy, serum concentration"
azelaic acid,9,1,"cardiotoxic activities, risk or severity of adverse effects"
dirithromycin,9,1,"risk or severity of rhabdomyolysis, therapeutic efficacy"
daptomycin,9,1,"risk or severity of adverse effects, therapeutic efficacy"
sulfacetamide,8,2,"risk or severity of adverse effects, therapeutic efficacy"
pimavanserin,7,1,therapeutic efficacy
fosfomycin,7,7,therapeutic efficacy
trimetazidine,7,7,risk or severity of adverse effects
gadoteric acid,6,6,absorption of reduced serum concentration and potentially
lactulose,6,6,therapeutic efficacy
colistin,4,4,therapeutic efficacy
ertapenem,4,1,"serum concentration, therapeutic efficacy"
cycloserine,4,1,"risk or severity of adverse effects, neurotoxic activities, therapeutic efficacy"
ferrous sulfate,4,4,absorption of reduced serum concentration and potentially
iopromide,4,4,risk or severity of adverse effects
trimethobenzamide,4,4,central nervous system depressant (CNS depressant) activities
gadoxetic acid,3,1,serum concentration
iopamidol,3,3,risk or severity of adverse effects
deferoxamine,3,1,"risk or severity of adverse effects, absorption"
glycine,3,3,risk or severity of adverse effects
cidofovir,2,1,"excretion rate of higher serum level, serum concentration"
benzoyl peroxide,2,2,risk or severity of adverse effects
nalmefene,2,1,risk or severity of adverse effects
ethambutol,2,1,"absorption, therapeutic efficacy"
sulbactam,1,1,therapeutic efficacy
gonadorelin,1,1,therapeutic efficacy
